month,strategy_monthly_ret,csi500_monthly_ret,n_trading_days,avg_positions,monthly_excess
2026-01,0.08194072036993116,0.09401432175700708,20,10.65,-0.012073601387075916
2026-02,0.036162157581844045,0.0773175531068282,14,9.642857142857142,-0.04115539552498415
2026-03,-0.06879115474802133,-0.12023184230277284,22,9.090909090909092,0.05144068755475151
2026-04,0.07122639885243265,0.07734303916170071,21,10.714285714285714,-0.006116640309268062
2026-05,0.020702501522859462,0.012310850542250451,3,11.333333333333334,0.008391650980609011
